{"A": "{\"currentRating\": 3340.813330989171, \"opponentHist\": [\"B\", \"G\", \"D\", \"E\", \"C\"], \"ratingHist\": [3325.0, 3352.4837500492786, 3402.1698951821977, 3229.888665325035, 3340.813330989171], \"currentRanking\": 4, \"rankingHist\": [0, 0, 2, 2, 2]}", "B": "{\"currentRating\": 3474.526922938871, \"opponentHist\": [\"A\", \"C\", \"H\", \"D\", \"E\"], \"ratingHist\": [3075.0, 3262.5, 3355.3219798424416, 3367.6447399704994, 3474.526922938871], \"currentRanking\": 1, \"rankingHist\": [0, 6, 6, 3, 2]}", "C": "{\"currentRating\": 2934.381475848924, \"opponentHist\": [\"D\", \"B\", \"E\", \"I\", \"A\"], \"ratingHist\": [3075.0, 3012.5, 3014.936731661989, 2920.7016974167414, 2934.381475848924], \"currentRanking\": 10, \"rankingHist\": [0, 7, 10, 10, 10]}", "D": "{\"currentRating\": 3219.548407452145, \"opponentHist\": [\"C\", \"E\", \"A\", \"B\", \"J\"], \"ratingHist\": [3325.0, 3137.5, 3105.3219798424416, 3062.677239871942, 3219.548407452145], \"currentRanking\": 7, \"rankingHist\": [0, 2, 6, 7, 8]}", "E": "{\"currentRating\": 3265.6286860651862, \"opponentHist\": [\"F\", \"D\", \"C\", \"A\", \"B\"], \"ratingHist\": [3325.0, 3387.5, 3385.063268338011, 3479.9738539473888, 3265.6286860651862], \"currentRanking\": 3, \"rankingHist\": [0, 3, 1, 1, 1]}", "F": "{\"currentRating\": 3426.116603401726, \"opponentHist\": [\"E\", \"J\", \"I\", \"G\", \"H\"], \"ratingHist\": [3075.0, 3297.5162499507214, 3307.4918750246393, 3360.6604031416555, 3426.116603401726], \"currentRanking\": 2, \"rankingHist\": [0, 8, 5, 4, 4]}", "G": "{\"currentRating\": 2991.092212771507, \"opponentHist\": [\"H\", \"A\", \"J\", \"F\", \"I\"], \"ratingHist\": [3075.0, 3047.5162499507214, 3243.0431663695094, 3069.6152425307796, 2991.092212771507], \"currentRanking\": 8, \"rankingHist\": [0, 0, 8, 6, 6]}", "H": "{\"currentRating\": 3160.604263987165, \"opponentHist\": [\"G\", \"I\", \"B\", \"J\", \"F\"], \"ratingHist\": [3325.0, 3352.4837500492786, 3152.1698951821977, 3320.4504465327077, 3160.604263987165], \"currentRanking\": 5, \"rankingHist\": [0, 4, 4, 5, 5]}", "I": "{\"currentRating\": 3237.2528154879483, \"opponentHist\": [\"J\", \"H\", \"F\", \"C\", \"G\"], \"ratingHist\": [3075.0, 3047.5162499507214, 3002.524374926082, 3171.7829183649746, 3237.2528154879483], \"currentRanking\": 6, \"rankingHist\": [0, 9, 9, 9, 7]}", "J": "{\"currentRating\": 2950.0352810573568, \"opponentHist\": [\"I\", \"F\", \"G\", \"H\", \"D\"], \"ratingHist\": [3325.0, 3102.4837500492786, 3031.9568336304906, 3016.6047928982757, 2950.0352810573568], \"currentRanking\": 9, \"rankingHist\": [0, 5, 7, 8, 9]}"}